[
    {"date": "202201", "y": 92},
    {"date": "202202", "y": 99},
    {"date": "202203", "y": 113},
    {"date": "202204", "y": 118},
    {"date": "202205", "y": 134},
    {"date": "202206", "y": 147},
    {"date": "202207", "y": 132},
    {"date": "202208", "y": 137},
    {"date": "202209", "y": 84},
    {"date": "202210", "y": 112},
    {"date": "202211", "y": 106},
    {"date": "202212", "y": 102},
    {"date": "202301", "y": 83},
    {"date": "202302", "y": 89},
    {"date": "202303", "y": 105},
    {"date": "202304", "y": 133},
    {"date": "202305", "y": 149},
    {"date": "202306", "y": 103},
    {"date": "202307", "y": 129},
    {"date": "202308", "y": 121},
    {"date": "202309", "y": 90},
    {"date": "202310", "y": 160},
    {"date": "202311", "y": 160},
    {"date": "202312", "y": 121},
    {"date": "202401", "y": 93},
    {"date": "202402", "y": 79},
    {"date": "202403", "y": 112},
    {"date": "202404", "y": 124},
    {"date": "202405", "y": 183},
    {"date": "202406", "y": 142},
    {"date": "202407", "y": 141.482},
    {"date": "202408", "y": 139.626},
    {"date": "202409", "y": 97.268},
    {"date": "202410", "y": 145.916},
    {"date": "202411", "y": 142.559},
    {"date": "202412", "y": 120.704}
]
